{
  "version": 1,
  "author": "Ignacio Garcia",
  "editor": "wokwi",
  "parts": [
    { "type": "wokwi-breadboard-half", "id": "bb1", "top": -137.4, "left": -26, "attrs": {} },
    { "type": "wokwi-arduino-uno", "id": "uno", "top": 202.2, "left": -19.8, "attrs": {} },
    {
      "type": "wokwi-led",
      "id": "led1",
      "top": -128.4,
      "left": -15.4,
      "attrs": { "color": "red" }
    },
    { "type": "wokwi-led", "id": "led2", "top": -128.4, "left": 23, "attrs": { "color": "blue" } },
    {
      "type": "wokwi-led",
      "id": "led3",
      "top": -128.4,
      "left": 61.4,
      "attrs": { "color": "green" }
    },
    {
      "type": "wokwi-pushbutton",
      "id": "btn1",
      "top": 121.4,
      "left": 307.2,
      "attrs": { "color": "green", "xray": "1" }
    },
    {
      "type": "wokwi-resistor",
      "id": "r2",
      "top": 3.95,
      "left": 220.8,
      "attrs": { "value": "1000" }
    },
    {
      "type": "wokwi-resistor",
      "id": "r1",
      "top": 216,
      "left": 354.65,
      "rotate": 90,
      "attrs": { "value": "1000" }
    }
  ],
  "connections": [
    [ "led1:A", "bb1:2t.a", "", [ "$bb" ] ],
    [ "led1:C", "bb1:1t.a", "", [ "$bb" ] ],
    [ "led2:A", "bb1:6t.a", "", [ "$bb" ] ],
    [ "led2:C", "bb1:5t.a", "", [ "$bb" ] ],
    [ "led3:A", "bb1:10t.a", "", [ "$bb" ] ],
    [ "led3:C", "bb1:9t.a", "", [ "$bb" ] ],
    [ "uno:5V", "btn1:1.r", "red", [ "v67.1", "h282.2", "v-326.4" ] ],
    [ "btn1:2.l", "uno:5", "green", [ "h-115.2", "v29" ] ],
    [ "r2:1", "bb1:24b.i", "", [ "$bb" ] ],
    [ "r2:2", "bb1:30b.i", "", [ "$bb" ] ],
    [ "bb1:bn.20", "bb1:24b.j", "green", [ "v0" ] ],
    [ "uno:GND.3", "r2:2", "black", [ "v47.9", "h244", "v-432" ] ],
    [ "bb1:bn.7", "bb1:9t.e", "green", [ "v0" ] ],
    [ "bb1:bn.4", "bb1:5t.e", "green", [ "v0" ] ],
    [ "bb1:bn.1", "bb1:1t.e", "green", [ "v0" ] ],
    [ "bb1:6t.c", "uno:2", "green", [ "v144", "h172.8" ] ],
    [ "bb1:2t.c", "uno:3", "green", [ "v144", "h9.6" ] ],
    [ "bb1:10t.c", "uno:4", "green", [ "v144", "h28.8" ] ],
    [ "btn1:2.r", "r1:1", "green", [ "h0" ] ],
    [ "r1:2", "uno:GND.2", "green", [ "h0", "v200.4", "h-230.4" ] ]
  ],
  "dependencies": {}
}