{
  "version": 1,
  "author": "Ignacio Garcia",
  "editor": "wokwi",
  "parts": [
    { "type": "wokwi-arduino-uno", "id": "uno", "top": 39, "left": -115.8, "attrs": {} },
    { "type": "wokwi-led", "id": "led1", "top": -128.4, "left": 23, "attrs": { "color": "red" } },
    {
      "type": "wokwi-resistor",
      "id": "r1",
      "top": -72.55,
      "left": 56.2,
      "rotate": 180,
      "attrs": { "value": "1000" }
    }
  ],
  "connections": [
    [ "led1:C", "uno:GND.1", "green", [ "v0", "h-249.2" ] ],
    [ "led1:A", "r1:2", "green", [ "v0" ] ],
    [ "r1:1", "uno:7", "green", [ "v57.6", "h-38.4" ] ]
  ],
  "dependencies": {}
}