{
  "version": 1,
  "author": "Ignacio Garcia",
  "editor": "wokwi",
  "parts": [
    { "type": "wokwi-breadboard", "id": "bb1", "top": -319.8, "left": -6.8, "attrs": {} },
    { "type": "wokwi-arduino-uno", "id": "uno", "top": 67.8, "left": -19.8, "attrs": {} },
    {
      "type": "wokwi-led",
      "id": "led1",
      "top": -310.8,
      "left": 109.4,
      "attrs": { "color": "red" }
    },
    {
      "type": "wokwi-led",
      "id": "led2",
      "top": -310.8,
      "left": 138.2,
      "attrs": { "color": "green" }
    },
    {
      "type": "wokwi-led",
      "id": "led3",
      "top": -310.8,
      "left": 167,
      "attrs": { "color": "blue" }
    },
    {
      "type": "wokwi-led",
      "id": "led4",
      "top": -310.8,
      "left": 195.8,
      "attrs": { "color": "yellow" }
    },
    {
      "type": "wokwi-led",
      "id": "led5",
      "top": -310.8,
      "left": 224.6,
      "attrs": { "color": "orange" }
    },
    {
      "type": "wokwi-resistor",
      "id": "r1",
      "top": -14.4,
      "left": 66.65,
      "rotate": 90,
      "attrs": { "value": "1000" }
    }
  ],
  "connections": [
    [ "uno:GND.1", "r1:2", "black", [ "v0" ] ],
    [ "led1:A", "bb1:13t.a", "", [ "$bb" ] ],
    [ "led1:C", "bb1:12t.a", "", [ "$bb" ] ],
    [ "led2:A", "bb1:16t.a", "", [ "$bb" ] ],
    [ "led2:C", "bb1:15t.a", "", [ "$bb" ] ],
    [ "led3:A", "bb1:19t.a", "", [ "$bb" ] ],
    [ "led3:C", "bb1:18t.a", "", [ "$bb" ] ],
    [ "led4:A", "bb1:22t.a", "", [ "$bb" ] ],
    [ "led4:C", "bb1:21t.a", "", [ "$bb" ] ],
    [ "led5:A", "bb1:25t.a", "", [ "$bb" ] ],
    [ "led5:C", "bb1:24t.a", "", [ "$bb" ] ],
    [ "r1:1", "bb1:bn.6", "green", [ "h0" ] ],
    [ "bb1:12t.e", "bb1:bn.9", "green", [ "v0" ] ],
    [ "bb1:15t.e", "bb1:bn.11", "green", [ "v0" ] ],
    [ "bb1:18t.e", "bb1:bn.14", "green", [ "v0" ] ],
    [ "bb1:21t.e", "bb1:bn.16", "green", [ "v0" ] ],
    [ "bb1:24t.e", "bb1:bn.19", "green", [ "v0" ] ],
    [ "bb1:13t.e", "uno:2", "green", [ "v249.6", "h86.4" ] ],
    [ "bb1:16t.e", "uno:3", "green", [ "v259.2", "h48" ] ],
    [ "bb1:19t.e", "uno:4", "green", [ "v268.8", "h9.6" ] ],
    [ "bb1:22t.e", "uno:5", "green", [ "v278.4", "h-28.8" ] ],
    [ "bb1:25t.e", "uno:6", "green", [ "v288", "h-67.2" ] ]
  ],
  "dependencies": {}
}