{
  "version": 1,
  "author": "Ignacio Garcia",
  "editor": "wokwi",
  "parts": [
    {
      "type": "wokwi-breadboard-half",
      "id": "bb1",
      "top": -166.2,
      "left": -35.6,
      "attrs": { "color": "#575756" }
    },
    { "type": "wokwi-arduino-uno", "id": "uno", "top": 240.6, "left": -19.8, "attrs": {} },
    { "type": "wokwi-led", "id": "led1", "top": -147.6, "left": -25, "attrs": { "color": "red" } },
    {
      "type": "wokwi-led",
      "id": "led2",
      "top": -147.6,
      "left": -5.8,
      "attrs": { "color": "red" }
    },
    {
      "type": "wokwi-led",
      "id": "led3",
      "top": -147.6,
      "left": 32.6,
      "attrs": { "color": "yellow" }
    },
    {
      "type": "wokwi-led",
      "id": "led4",
      "top": -147.6,
      "left": 51.8,
      "attrs": { "color": "yellow" }
    },
    {
      "type": "wokwi-led",
      "id": "led5",
      "top": -147.6,
      "left": 90.2,
      "attrs": { "color": "green" }
    },
    {
      "type": "wokwi-led",
      "id": "led6",
      "top": -147.6,
      "left": 109.4,
      "attrs": { "color": "green" }
    },
    {
      "type": "wokwi-resistor",
      "id": "r1",
      "top": -4.8,
      "left": 239.45,
      "rotate": 90,
      "attrs": { "value": "1000" }
    }
  ],
  "connections": [
    [ "bb1:1t.e", "bb1:bn.1", "green", [ "v0" ] ],
    [ "bb1:3t.e", "bb1:bn.2", "green", [ "v0" ] ],
    [ "bb1:7t.e", "bb1:bn.6", "green", [ "v0" ] ],
    [ "bb1:9t.e", "bb1:bn.7", "green", [ "v0" ] ],
    [ "bb1:13t.e", "bb1:bn.11", "green", [ "v0" ] ],
    [ "bb1:15t.e", "bb1:bn.12", "green", [ "v0" ] ],
    [ "bb1:30b.g", "uno:GND.3", "green", [ "h38.4", "v547.2", "h-153.6", "v-143.9" ] ],
    [ "bb1:16t.e", "uno:2", "green", [ "v163.2", "h86.4", "v163.2" ] ],
    [ "bb1:14t.e", "uno:3", "green", [ "v172.8", "h96" ] ],
    [ "bb1:10t.e", "uno:4", "green", [ "v182.4", "h124.8" ] ],
    [ "bb1:8t.e", "uno:5", "green", [ "v192", "h134.4" ] ],
    [ "bb1:4t.e", "uno:6", "green", [ "v201.6", "h163.2" ] ],
    [ "bb1:2t.e", "uno:7", "green", [ "v211.2", "h163.2" ] ],
    [ "led1:A", "bb1:2t.b", "", [ "$bb" ] ],
    [ "led1:C", "bb1:1t.b", "", [ "$bb" ] ],
    [ "led2:A", "bb1:4t.b", "", [ "$bb" ] ],
    [ "led2:C", "bb1:3t.b", "", [ "$bb" ] ],
    [ "led3:A", "bb1:8t.b", "", [ "$bb" ] ],
    [ "led3:C", "bb1:7t.b", "", [ "$bb" ] ],
    [ "led4:A", "bb1:10t.b", "", [ "$bb" ] ],
    [ "led4:C", "bb1:9t.b", "", [ "$bb" ] ],
    [ "led5:A", "bb1:14t.b", "", [ "$bb" ] ],
    [ "led5:C", "bb1:13t.b", "", [ "$bb" ] ],
    [ "led6:A", "bb1:16t.b", "", [ "$bb" ] ],
    [ "led6:C", "bb1:15t.b", "", [ "$bb" ] ],
    [ "r1:1", "bb1:30b.h", "", [ "$bb" ] ],
    [ "r1:2", "bb1:bn.25", "", [ "$bb" ] ]
  ],
  "dependencies": {}
}